pep_number,title,status,type,created,authors,topic,requires,replaces
1,PEP Purpose and Guidelines,Active,Process,13-Jun-2000,Barry Warsaw; Jeremy Hylton; David Goodger; Alyssa Coghlan,,,
2,Procedure for Adding New Modules,Active,Process,07-Jul-2001,Brett Cannon; Martijn Faassen,,,
3,Guidelines for Handling Bug Reports,Withdrawn,Process,25-Sep-2000,Jeremy Hylton,,,
4,Deprecation of Standard Modules,Active,Process,01-Oct-2000,Brett Cannon; Martin von Löwis,,,
5,Guidelines for Language Evolution,Superseded,Process,26-Oct-2000,Paul Prescod,,,
6,Bug Fix Releases,Superseded,Process,15-Mar-2001,Aahz; Anthony Baxter,,,
7,Style Guide for C Code,Active,Process,05-Jul-2001,Guido van Rossum; Barry Warsaw,,,
8,Style Guide for Python Code,Active,Process,05-Jul-2001,Guido van Rossum; Barry Warsaw; Alyssa Coghlan,,,
9,Sample Plaintext PEP Template,Withdrawn,Process,14-Aug-2001,Barry Warsaw,,,
10,Voting Guidelines,Active,Process,07-Mar-2002,Barry Warsaw,,,
11,CPython platform support,Active,Process,07-Jul-2002,Martin von Löwis; Brett Cannon,,,
12,Sample reStructuredText PEP Template,Active,Process,05-Aug-2002,David Goodger; Barry Warsaw; Brett Cannon,,,
13,Python Language Governance,Active,Process,16-Dec-2018,The Python core team and community,Governance,,
20,The Zen of Python,Active,Informational,19-Aug-2004,Tim Peters,,,
42,Feature Requests,Withdrawn,Process,12-Sep-2000,Jeremy Hylton,,,
100,Python Unicode Integration,Final,Standards Track,10-Mar-2000,Marc-André Lemburg,,,
101,Doing Python Releases 101,Active,Informational,22-Aug-2001,Barry Warsaw; Guido van Rossum,,,102
102,Doing Python Micro Releases,Superseded,Informational,09-Jan-2002,Anthony Baxter; Barry Warsaw; Guido van Rossum,,,
103,Collecting information about git,Withdrawn,Informational,01-Jun-2015,Oleg Broytman,,,
160,Python 1.6 Release Schedule,Final,Informational,25-Jul-2000,Fred L. Drake; Jr.,Release,,
200,Python 2.0 Release Schedule,Final,Informational,12-Jul-2000,Jeremy Hylton,Release,,
201,Lockstep Iteration,Final,Standards Track,13-Jul-2000,Barry Warsaw,,,
202,List Comprehensions,Final,Standards Track,13-Jul-2000,Barry Warsaw,,,
203,Augmented Assignments,Final,Standards Track,13-Jul-2000,Thomas Wouters,,,
204,Range Literals,Rejected,Standards Track,14-Jul-2000,Thomas Wouters,,,
205,Weak References,Final,Standards Track,14-Jul-2000,Fred L. Drake; Jr.,,,
206,Python Advanced Library,Withdrawn,Informational,14-Jul-2000,A.M. Kuchling,,,
207,Rich Comparisons,Final,Standards Track,25-Jul-2000,Guido van Rossum; David Ascher,,,
208,Reworking the Coercion Model,Final,Standards Track,04-Dec-2000,Neil Schemenauer; Marc-André Lemburg,,,
209,Multi-dimensional Arrays,Withdrawn,Standards Track,03-Jan-2001,Paul Barrett; Travis Oliphant,,,
210,Decoupling the Interpreter Loop,Rejected,Standards Track,15-Jul-2000,David Ascher,,,
211,Adding A New Outer Product Operator,Rejected,Standards Track,15-Jul-2000,Greg Wilson,,,
212,Loop Counter Iteration,Rejected,Standards Track,22-Aug-2000,Peter Schneider-Kamp,,,
213,Attribute Access Handlers,Deferred,Standards Track,21-Jul-2000,Paul Prescod,,,
214,Extended Print Statement,Final,Standards Track,24-Jul-2000,Barry Warsaw,,,
215,String Interpolation,Superseded,Standards Track,24-Jul-2000,Ka-Ping Yee,,,
216,Docstring Format,Withdrawn,Informational,31-Jul-2000,Moshe Zadka,,,
217,Display Hook for Interactive Use,Final,Standards Track,31-Jul-2000,Moshe Zadka,,,
218,Adding a Built-In Set Object Type,Final,Standards Track,31-Jul-2000,Greg Wilson; Raymond Hettinger,,,
219,Stackless Python,Deferred,Standards Track,14-Aug-2000,Gordon McMillan,,,
220,"Coroutines, Generators, Continuations",Rejected,Informational,14-Aug-2000,Gordon McMillan,,,
221,Import As,Final,Standards Track,15-Aug-2000,Thomas Wouters,,,
222,Web Library Enhancements,Deferred,Standards Track,18-Aug-2000,A.M. Kuchling,,,
223,Change the Meaning of ``\x`` Escapes,Final,Standards Track,20-Aug-2000,Tim Peters,,,
224,Attribute Docstrings,Rejected,Standards Track,23-Aug-2000,Marc-André Lemburg,,,
225,Elementwise/Objectwise Operators,Rejected,Standards Track,19-Sep-2000,Huaiyu Zhu; Gregory Lielens,,,
226,Python 2.1 Release Schedule,Final,Informational,16-Oct-2000,Jeremy Hylton,Release,,
227,Statically Nested Scopes,Final,Standards Track,01-Nov-2000,Jeremy Hylton,,,
228,Reworking Python's Numeric Model,Withdrawn,Standards Track,04-Nov-2000,Moshe Zadka; Guido van Rossum,,,
229,Using Distutils to Build Python,Final,Standards Track,16-Nov-2000,A.M. Kuchling,,,
230,Warning Framework,Final,Standards Track,28-Nov-2000,Guido van Rossum,,,
231,__findattr__(),Rejected,Standards Track,30-Nov-2000,Barry Warsaw,,,
232,Function Attributes,Final,Standards Track,02-Dec-2000,Barry Warsaw,,,
233,Python Online Help,Deferred,Standards Track,11-Dec-2000,Paul Prescod,,,
234,Iterators,Final,Standards Track,30-Jan-2001,Ka-Ping Yee; Guido van Rossum,,,
235,Import on Case-Insensitive Platforms,Final,Standards Track,21-Feb-2001,Tim Peters,,,
236,Back to the __future__,Final,Standards Track,26-Feb-2001,Tim Peters,,,
237,Unifying Long Integers and Integers,Final,Standards Track,11-Mar-2001,Moshe Zadka; Guido van Rossum,,,
238,Changing the Division Operator,Final,Standards Track,11-Mar-2001,Moshe Zadka; Guido van Rossum,,,
239,Adding a Rational Type to Python,Rejected,Standards Track,11-Mar-2001,Christopher A. Craig; Moshe Zadka,,,
240,Adding a Rational Literal to Python,Rejected,Standards Track,11-Mar-2001,Christopher A. Craig; Moshe Zadka,,,
241,Metadata for Python Software Packages,Superseded,Standards Track,12-Mar-2001,A.M. Kuchling,Packaging,,
242,Numeric Kinds,Withdrawn,Standards Track,17-Mar-2001,Paul F. Dubois,,,
243,Module Repository Upload Mechanism,Withdrawn,Standards Track,18-Mar-2001,Sean Reifschneider,Packaging,,
244,The ``directive`` statement,Rejected,Standards Track,20-Mar-2001,Martin von Löwis,,,
245,Python Interface Syntax,Rejected,Standards Track,11-Jan-2001,Michel Pelletier,,,
246,Object Adaptation,Rejected,Standards Track,21-Mar-2001,Alex Martelli; Clark C. Evans,,,
247,API for Cryptographic Hash Functions,Final,Informational,23-Mar-2001,A.M. Kuchling,,,
248,Python Database API Specification v1.0,Final,Informational,08-May-1996,Greg Stein; Marc-André Lemburg,,,
249,Python Database API Specification v2.0,Final,Informational,12-Apr-1999,Marc-André Lemburg,,,248
250,Using site-packages on Windows,Final,Standards Track,30-Mar-2001,Paul Moore,,,
251,Python 2.2 Release Schedule,Final,Informational,17-Apr-2001,Barry Warsaw; Guido van Rossum,Release,,
252,Making Types Look More Like Classes,Final,Standards Track,19-Apr-2001,Guido van Rossum,,,
253,Subtyping Built-in Types,Final,Standards Track,14-May-2001,Guido van Rossum,,,
254,Making Classes Look More Like Types,Rejected,Standards Track,18-Jun-2001,Guido van Rossum,,,
255,Simple Generators,Final,Standards Track,18-May-2001,Neil Schemenauer; Tim Peters; Magnus Lie Hetland,,234,
256,Docstring Processing System Framework,Rejected,Standards Track,01-Jun-2001,David Goodger,,,
257,Docstring Conventions,Active,Informational,29-May-2001,David Goodger; Guido van Rossum,,,
258,Docutils Design Specification,Rejected,Standards Track,31-May-2001,David Goodger,,256; 257,
259,Omit printing newline after newline,Rejected,Standards Track,11-Jun-2001,Guido van Rossum,,,
260,Simplify xrange(),Final,Standards Track,26-Jun-2001,Guido van Rossum,,,
261,"Support for ""wide"" Unicode characters",Final,Standards Track,27-Jun-2001,Paul Prescod,,,
262,A Database of Installed Python Packages,Rejected,Standards Track,08-Jul-2001,A.M. Kuchling,Packaging,,
263,Defining Python Source Code Encodings,Final,Standards Track,06-Jun-2001,Marc-André Lemburg; Martin von Löwis,,,
264,Future statements in simulated shells,Final,Standards Track,30-Jul-2001,Michael Hudson,,236,
265,Sorting Dictionaries by Value,Rejected,Standards Track,08-Aug-2001,Grant Griffin,,,
266,Optimizing Global Variable/Attribute Access,Withdrawn,Standards Track,13-Aug-2001,Skip Montanaro,,,
267,Optimized Access to Module Namespaces,Deferred,Standards Track,23-May-2001,Jeremy Hylton,,,
268,Extended HTTP functionality and WebDAV,Rejected,Standards Track,20-Aug-2001,Greg Stein,,,
269,Pgen Module for Python,Deferred,Standards Track,24-Aug-2001,Jonathan Riehl,,,
270,uniq method for list objects,Rejected,Standards Track,21-Aug-2001,Jason Petrone,,,
271,Prefixing sys.path by command line option,Rejected,Standards Track,15-Aug-2001,Frédéric B. Giacometti,,,
272,API for Block Encryption Algorithms v1.0,Final,Informational,18-Sep-2001,A.M. Kuchling,,,
273,Import Modules from Zip Archives,Final,Standards Track,11-Oct-2001,James C. Ahlstrom,,,
274,Dict Comprehensions,Final,Standards Track,25-Oct-2001,Barry Warsaw,,,
275,Switching on Multiple Values,Rejected,Standards Track,10-Nov-2001,Marc-André Lemburg,,,
276,Simple Iterator for ints,Rejected,Standards Track,12-Nov-2001,Jim Althoff,,,
277,Unicode file name support for Windows NT,Final,Standards Track,11-Jan-2002,Neil Hodgson,,,
278,Universal Newline Support,Final,Standards Track,14-Jan-2002,Jack Jansen,,,
279,The enumerate() built-in function,Final,Standards Track,30-Jan-2002,Raymond Hettinger,,,
280,Optimizing access to globals,Deferred,Standards Track,10-Feb-2002,Guido van Rossum,,,
281,Loop Counter Iteration with range and xrange,Rejected,Standards Track,11-Feb-2002,Magnus Lie Hetland,,,
282,A Logging System,Final,Standards Track,04-Feb-2002,Vinay Sajip; Trent Mick,,,
283,Python 2.3 Release Schedule,Final,Informational,27-Feb-2002,Guido van Rossum,Release,,
284,Integer for-loops,Rejected,Standards Track,01-Mar-2002,David Eppstein; Gregory Ewing,,,
285,Adding a bool type,Final,Standards Track,08-Mar-2002,Guido van Rossum,,,
286,Enhanced Argument Tuples,Deferred,Standards Track,03-Mar-2002,Martin von Löwis,,,
287,reStructuredText Docstring Format,Active,Informational,25-Mar-2002,David Goodger,,,216
288,Generators Attributes and Exceptions,Withdrawn,Standards Track,21-Mar-2002,Raymond Hettinger,,,
289,Generator Expressions,Final,Standards Track,30-Jan-2002,Raymond Hettinger,,,
290,Code Migration and Modernization,Active,Informational,06-Jun-2002,Raymond Hettinger,,,
291,Backward Compatibility for the Python 2 Standard Library,Superseded,Informational,06-Jun-2002,Neal Norwitz,,,
292,Simpler String Substitutions,Final,Standards Track,18-Jun-2002,Barry Warsaw,,,215
293,Codec Error Handling Callbacks,Final,Standards Track,18-Jun-2002,Walter Dörwald,,,
294,Type Names in the types Module,Rejected,Standards Track,19-Jun-2002,Oren Tirosh,,,
295,Interpretation of multiline string constants,Rejected,Standards Track,22-Jul-2002,Stepan Koltsov,,,
296,Adding a bytes Object Type,Withdrawn,Standards Track,12-Jul-2002,Scott Gilbert,,,
297,Support for System Upgrades,Rejected,Standards Track,19-Jul-2001,Marc-André Lemburg,,,
298,The Locked Buffer Interface,Withdrawn,Standards Track,26-Jul-2002,Thomas Heller,,,
299,Special __main__() function in modules,Rejected,Standards Track,12-Aug-2002,Jeff Epler,,,
301,Package Index and Metadata for Distutils,Final,Standards Track,24-Oct-2002,Richard Jones,Packaging,,
302,New Import Hooks,Final,Standards Track,19-Dec-2002,Just van Rossum; Paul Moore,,,
303,Extend divmod() for Multiple Divisors,Rejected,Standards Track,31-Dec-2002,Thomas Bellman,,,
304,Controlling Generation of Bytecode Files,Withdrawn,Standards Track,22-Jan-2003,Skip Montanaro,,,
305,CSV File API,Final,Standards Track,26-Jan-2003,Kevin Altis; Dave Cole; Andrew McNamara; Skip Montanaro; Cliff Wells,,,
306,How to Change Python's Grammar,Withdrawn,Informational,29-Jan-2003,Michael Hudson; Jack Diederich; Alyssa Coghlan; Benjamin Peterson,,,
307,Extensions to the pickle protocol,Final,Standards Track,31-Jan-2003,Guido van Rossum; Tim Peters,,,
308,Conditional Expressions,Final,Standards Track,07-Feb-2003,Guido van Rossum; Raymond Hettinger,,,
309,Partial Function Application,Final,Standards Track,08-Feb-2003,Peter Harris,,,
310,Reliable Acquisition/Release Pairs,Rejected,Standards Track,18-Dec-2002,Michael Hudson; Paul Moore,,,
311,Simplified Global Interpreter Lock Acquisition for Extensions,Final,Standards Track,05-Feb-2003,Mark Hammond,,,
312,Simple Implicit Lambda,Deferred,Standards Track,11-Feb-2003,Roman Suzi; Alex Martelli,,,
313,Adding Roman Numeral Literals to Python,Rejected,Standards Track,01-Apr-2003,Mike Meyer,,,
314,Metadata for Python Software Packages 1.1,Superseded,Standards Track,12-Apr-2003,A.M. Kuchling; Richard Jones,Packaging,,241
315,Enhanced While Loop,Rejected,Standards Track,25-Apr-2003,Raymond Hettinger; W Isaac Carroll,,,
316,Programming by Contract for Python,Deferred,Standards Track,02-May-2003,Terence Way,,,
317,Eliminate Implicit Exception Instantiation,Rejected,Standards Track,06-May-2003,Steven Taschuk,,,
318,Decorators for Functions and Methods,Final,Standards Track,05-Jun-2003,Kevin D. Smith; Jim J. Jewett; Skip Montanaro; Anthony Baxter,,,
319,Python Synchronize/Asynchronize Block,Rejected,Standards Track,24-Feb-2003,Michel Pelletier,,,
320,Python 2.4 Release Schedule,Final,Informational,29-Jul-2003,Barry Warsaw; Raymond Hettinger; Anthony Baxter,Release,,
321,Date/Time Parsing and Formatting,Withdrawn,Standards Track,16-Sep-2003,A.M. Kuchling,,,
322,Reverse Iteration,Final,Standards Track,24-Sep-2003,Raymond Hettinger,,,
323,Copyable Iterators,Deferred,Standards Track,25-Oct-2003,Alex Martelli,,,
324,subprocess - New process module,Final,Standards Track,19-Nov-2003,Peter Astrand,,,
325,Resource-Release Support for Generators,Rejected,Standards Track,25-Aug-2003,Samuele Pedroni,,,
326,A Case for Top and Bottom Values,Rejected,Standards Track,20-Dec-2003,Josiah Carlson; Terry Reedy,,,
327,Decimal Data Type,Final,Standards Track,17-Oct-2003,Facundo Batista,,,
328,Imports: Multi-Line and Absolute/Relative,Final,Standards Track,21-Dec-2003,Aahz,,,
329,Treating Builtins as Constants in the Standard Library,Rejected,Standards Track,18-Apr-2004,Raymond Hettinger,,,
330,Python Bytecode Verification,Rejected,Standards Track,17-Jun-2004,Michel Pelletier,,,
331,Locale-Independent Float/String Conversions,Final,Standards Track,19-Jul-2003,Christian R. Reis,,,
332,Byte vectors and String/Unicode Unification,Rejected,Standards Track,11-Aug-2004,Skip Montanaro,,,
333,Python Web Server Gateway Interface v1.0,Final,Informational,07-Dec-2003,Phillip J. Eby,,,
334,Simple Coroutines via SuspendIteration,Withdrawn,Standards Track,26-Aug-2004,Clark C. Evans,,,
335,Overloadable Boolean Operators,Rejected,Standards Track,29-Aug-2004,Gregory Ewing,,,
336,Make None Callable,Rejected,Standards Track,28-Oct-2004,Andrew McClelland,,,
337,Logging Usage in the Standard Library,Deferred,Standards Track,02-Oct-2004,Michael P. Dubner,,,
338,Executing modules as scripts,Final,Standards Track,16-Oct-2004,Alyssa Coghlan,,,
339,Design of the CPython Compiler,Withdrawn,Informational,02-Feb-2005,Brett Cannon,,,
340,Anonymous Block Statements,Rejected,Standards Track,27-Apr-2005,Guido van Rossum,,,
341,Unifying try-except and try-finally,Final,Standards Track,04-May-2005,Georg Brandl,,,
342,Coroutines via Enhanced Generators,Final,Standards Track,10-May-2005,Guido van Rossum; Phillip J. Eby,,,
343,"The ""with"" Statement",Final,Standards Track,13-May-2005,Guido van Rossum; Alyssa Coghlan,,,
344,Exception Chaining and Embedded Tracebacks,Superseded,Standards Track,12-May-2005,Ka-Ping Yee,,,
345,Metadata for Python Software Packages 1.2,Superseded,Standards Track,28-Apr-2005,Richard Jones,Packaging,,314
346,"User Defined (""``with``"") Statements",Withdrawn,Standards Track,06-May-2005,Alyssa Coghlan,,,
347,Migrating the Python CVS to Subversion,Final,Process,14-Jul-2004,Martin von Löwis,,,
348,Exception Reorganization for Python 3.0,Rejected,Standards Track,28-Jul-2005,Brett Cannon,,,
349,Allow str() to return unicode strings,Rejected,Standards Track,02-Aug-2005,Neil Schemenauer,,,
350,Codetags,Rejected,Informational,27-Jun-2005,Micah Elliott,,,
351,The freeze protocol,Rejected,Standards Track,14-Apr-2005,Barry Warsaw,,,
352,Required Superclass for Exceptions,Final,Standards Track,27-Oct-2005,Brett Cannon; Guido van Rossum,,,
353,Using ssize_t as the index type,Final,Standards Track,18-Dec-2005,Martin von Löwis,,,
354,Enumerations in Python,Superseded,Standards Track,20-Dec-2005,Ben Finney,,,
355,Path - Object oriented filesystem paths,Rejected,Standards Track,24-Jan-2006,Björn Lindqvist,,,
356,Python 2.5 Release Schedule,Final,Informational,07-Feb-2006,Neal Norwitz; Guido van Rossum; Anthony Baxter,Release,,
357,Allowing Any Object to be Used for Slicing,Final,Standards Track,09-Feb-2006,Travis Oliphant,,,
358,"The ""bytes"" Object",Final,Standards Track,15-Feb-2006,Neil Schemenauer; Guido van Rossum,,,
359,"The ""make"" Statement",Withdrawn,Standards Track,05-Apr-2006,Steven Bethard,,,
360,Externally Maintained Packages,Final,Process,30-May-2006,Brett Cannon,,,
361,Python 2.6 and 3.0 Release Schedule,Final,Informational,29-Jun-2006,Neal Norwitz; Barry Warsaw,Release,,
362,Function Signature Object,Final,Standards Track,21-Aug-2006,Brett Cannon; Jiwon Seo; Yury Selivanov; Larry Hastings,,,
363,Syntax For Dynamic Attribute Access,Rejected,Standards Track,29-Jan-2007,Ben North,,,
364,Transitioning to the Py3K Standard Library,Withdrawn,Standards Track,01-Mar-2007,Barry Warsaw,,,
365,Adding the pkg_resources module,Rejected,Standards Track,30-Apr-2007,Phillip J. Eby,Packaging,,
366,Main module explicit relative imports,Final,Standards Track,01-May-2007,Alyssa Coghlan,,,
367,New Super,Superseded,Standards Track,28-Apr-2007,Calvin Spealman; Tim Delaney,,,
368,Standard image protocol and class,Deferred,Standards Track,28-Jun-2007,Lino Mastrodomenico,,,
369,Post import hooks,Withdrawn,Standards Track,02-Jan-2008,Christian Heimes,,,
370,Per user site-packages directory,Final,Standards Track,11-Jan-2008,Christian Heimes,,,
371,Addition of the multiprocessing package to the standard library,Final,Standards Track,06-May-2008,Jesse Noller; Richard Oudkerk,,,
372,Adding an ordered dictionary to collections,Final,Standards Track,15-Jun-2008,Armin Ronacher; Raymond Hettinger,,,
373,Python 2.7 Release Schedule,Final,Informational,03-Nov-2008,Benjamin Peterson,Release,,
374,Choosing a distributed VCS for the Python project,Final,Process,07-Nov-2008,Brett Cannon; Stephen J. Turnbull; Alexandre Vassalotti; Barry Warsaw; Dirkjan Ochtman,,,
375,Python 3.1 Release Schedule,Final,Informational,08-Feb-2009,Benjamin Peterson,Release,,
376,Database of Installed Python Distributions,Final,Standards Track,22-Feb-2009,Tarek Ziadé,Packaging,,
377,Allow __enter__() methods to skip the statement body,Rejected,Standards Track,08-Mar-2009,Alyssa Coghlan,,,
378,Format Specifier for Thousands Separator,Final,Standards Track,12-Mar-2009,Raymond Hettinger,,,
379,Adding an Assignment Expression,Withdrawn,Standards Track,14-Mar-2009,Jervis Whitley,,,
380,Syntax for Delegating to a Subgenerator,Final,Standards Track,13-Feb-2009,Gregory Ewing,,,
381,Mirroring infrastructure for PyPI,Withdrawn,Standards Track,21-Mar-2009,Tarek Ziadé; Martin von Löwis,Packaging,,
382,Namespace Packages,Rejected,Standards Track,02-Apr-2009,Martin von Löwis,,,
383,Non-decodable Bytes in System Character Interfaces,Final,Standards Track,22-Apr-2009,Martin von Löwis,,,
384,Defining a Stable ABI,Final,Standards Track,17-May-2009,Martin von Löwis,,,
385,Migrating from Subversion to Mercurial,Final,Process,25-May-2009,Dirkjan Ochtman; Antoine Pitrou; Georg Brandl,,,
386,Changing the version comparison module in Distutils,Superseded,Standards Track,04-Jun-2009,Tarek Ziadé,Packaging,,
387,Backwards Compatibility Policy,Active,Process,18-Jun-2009,Benjamin Peterson,,,291
389,argparse - New Command Line Parsing Module,Final,Standards Track,25-Sep-2009,Steven Bethard,,,
390,Static metadata for Distutils,Rejected,Standards Track,10-Oct-2009,Tarek Ziadé,Packaging,,
391,Dictionary-Based Configuration For Logging,Final,Standards Track,15-Oct-2009,Vinay Sajip,,,
392,Python 3.2 Release Schedule,Final,Informational,30-Dec-2009,Georg Brandl,Release,,
393,Flexible String Representation,Final,Standards Track,24-Jan-2010,Martin von Löwis,,,
394,"The ""python"" Command on Unix-Like Systems",Active,Informational,02-Mar-2011,Kerrick Staley; Alyssa Coghlan; Barry Warsaw; Petr Viktorin; Miro Hrončok; Carol Willing,,,
395,Qualified Names for Modules,Withdrawn,Standards Track,04-Mar-2011,Alyssa Coghlan,,,
396,Module Version Numbers,Withdrawn,Informational,16-Mar-2011,Barry Warsaw,Packaging,,
397,Python launcher for Windows,Final,Standards Track,15-Mar-2011,Mark Hammond; Martin von Löwis,,,
398,Python 3.3 Release Schedule,Final,Informational,23-Mar-2011,Georg Brandl,Release,,
399,Pure Python/C Accelerator Module Compatibility Requirements,Final,Informational,04-Apr-2011,Brett Cannon,,,
400,Deprecate codecs.StreamReader and codecs.StreamWriter,Deferred,Standards Track,28-May-2011,Victor Stinner,,,
401,BDFL Retirement,April Fool!,Process,01-Apr-2009,Barry Warsaw; Brett Cannon,,,
402,Simplified Package Layout and Partitioning,Rejected,Standards Track,12-Jul-2011,Phillip J. Eby,Packaging,,382
403,"General purpose decorator clause (aka ""@in"" clause)",Deferred,Standards Track,13-Oct-2011,Alyssa Coghlan,,,
404,Python 2.8 Un-release Schedule,Final,Informational,09-Nov-2011,Barry Warsaw,Release,,
405,Python Virtual Environments,Final,Standards Track,13-Jun-2011,Carl Meyer,Packaging,,
406,Improved Encapsulation of Import State,Withdrawn,Standards Track,04-Jul-2011,Alyssa Coghlan; Greg Slodkowicz,,,
407,New release cycle and introducing long-term support versions,Deferred,Process,12-Jan-2012,Antoine Pitrou; Georg Brandl; Barry Warsaw,,,
408,Standard library __preview__ package,Rejected,Standards Track,07-Jan-2012,Alyssa Coghlan; Eli Bendersky,,,
409,Suppressing exception context,Final,Standards Track,26-Jan-2012,Ethan Furman,,,
410,Use decimal.Decimal type for timestamps,Rejected,Standards Track,01-Feb-2012,Victor Stinner,,,
411,Provisional packages in the Python standard library,Superseded,Informational,10-Feb-2012,Alyssa Coghlan; Eli Bendersky,,,
412,Key-Sharing Dictionary,Final,Standards Track,08-Feb-2012,Mark Shannon,,,
413,Faster evolution of the Python Standard Library,Withdrawn,Process,24-Feb-2012,Alyssa Coghlan,,,
414,Explicit Unicode Literal for Python 3.3,Final,Standards Track,15-Feb-2012,Armin Ronacher; Alyssa Coghlan,,,
415,Implement context suppression with exception attributes,Final,Standards Track,26-Feb-2012,Benjamin Peterson,,,409
416,Add a frozendict builtin type,Rejected,Standards Track,29-Feb-2012,Victor Stinner,,,
417,Including mock in the Standard Library,Final,Standards Track,12-Mar-2012,Michael Foord,,,
418,"Add monotonic time, performance counter, and process time functions",Final,Standards Track,26-Mar-2012,Cameron Simpson; Jim J. Jewett; Stephen J. Turnbull; Victor Stinner,,,
419,Protecting cleanup statements from interruptions,Deferred,Standards Track,06-Apr-2012,Paul Colomiets,,,
420,Implicit Namespace Packages,Final,Standards Track,19-Apr-2012,Eric V. Smith,,,
421,Adding sys.implementation,Final,Standards Track,26-Apr-2012,Eric Snow,,,
422,Simpler customisation of class creation,Withdrawn,Standards Track,05-Jun-2012,Alyssa Coghlan; Daniel Urban,,,
423,Naming conventions and recipes related to packaging,Deferred,Informational,24-May-2012,Benoit Bryon,Packaging,,
424,A method for exposing a length hint,Final,Standards Track,14-Jul-2012,Alex Gaynor,,,
425,Compatibility Tags for Built Distributions,Final,Standards Track,27-Jul-2012,Daniel Holth,Packaging,,
426,Metadata for Python Software Packages 2.0,Withdrawn,Informational,30-Aug-2012,Alyssa Coghlan; Daniel Holth; Donald Stufft,Packaging,440; 508; 518,345
427,The Wheel Binary Package Format 1.0,Final,Standards Track,20-Sep-2012,Daniel Holth,Packaging,,
428,The pathlib module -- object-oriented filesystem paths,Final,Standards Track,30-Jul-2012,Antoine Pitrou,,,
429,Python 3.4 Release Schedule,Final,Informational,17-Oct-2012,Larry Hastings,Release,,
430,Migrating to Python 3 as the default online documentation,Final,Informational,27-Oct-2012,Alyssa Coghlan,,,
431,Time zone support improvements,Superseded,Standards Track,11-Dec-2012,Lennart Regebro,,,
432,Restructuring the CPython startup sequence,Withdrawn,Standards Track,28-Dec-2012,Alyssa Coghlan; Victor Stinner; Eric Snow,,587,
433,Easier suppression of file descriptor inheritance,Superseded,Standards Track,10-Jan-2013,Victor Stinner,,,
434,IDLE Enhancement Exception for All Branches,Active,Informational,16-Feb-2013,Todd Rovito; Terry Reedy,,,
435,Adding an Enum type to the Python standard library,Final,Standards Track,23-Feb-2013,Barry Warsaw; Eli Bendersky; Ethan Furman,,,354
436,The Argument Clinic DSL,Final,Standards Track,22-Feb-2013,Larry Hastings,,,
437,"A DSL for specifying signatures, annotations and argument converters",Rejected,Standards Track,11-Mar-2013,Stefan Krah,,,
438,Transitioning to release-file hosting on PyPI,Superseded,Process,15-Mar-2013,Holger Krekel; Carl Meyer,Packaging,,
439,Inclusion of implicit pip bootstrap in Python installation,Rejected,Standards Track,18-Mar-2013,Richard Jones,Packaging,,
440,Version Identification and Dependency Specification,Final,Standards Track,18-Mar-2013,Alyssa Coghlan; Donald Stufft,Packaging,,386
441,Improving Python ZIP Application Support,Final,Standards Track,30-Mar-2013,Daniel Holth; Paul Moore,,,
442,Safe object finalization,Final,Standards Track,18-May-2013,Antoine Pitrou,,,
443,Single-dispatch generic functions,Final,Standards Track,22-May-2013,Łukasz Langa,,,245; 246; 3124
444,Python Web3 Interface,Deferred,Informational,19-Jul-2010,Chris McDonough; Armin Ronacher,,,
445,Add new APIs to customize Python memory allocators,Final,Standards Track,15-Jun-2013,Victor Stinner,,,
446,Make newly created file descriptors non-inheritable,Final,Standards Track,05-Aug-2013,Victor Stinner,,,433
447,Add __getdescriptor__ method to metaclass,Deferred,Standards Track,12-Jun-2013,Ronald Oussoren,,,
448,Additional Unpacking Generalizations,Final,Standards Track,29-Jun-2013,Joshua Landau,,,
449,Removal of the PyPI Mirror Auto Discovery and Naming Scheme,Final,Process,04-Aug-2013,Donald Stufft,Packaging,,381
450,Adding A Statistics Module To The Standard Library,Final,Standards Track,01-Aug-2013,Steven D'Aprano,,,
451,A ModuleSpec Type for the Import System,Final,Standards Track,08-Aug-2013,Eric Snow,,,
452,API for Cryptographic Hash Functions v2.0,Final,Informational,15-Aug-2013,A.M. Kuchling; Christian Heimes,,,247
453,Explicit bootstrapping of pip in Python installations,Final,Standards Track,10-Aug-2013,Donald Stufft; Alyssa Coghlan,,,
454,Add a new tracemalloc module to trace Python memory allocations,Final,Standards Track,03-Sep-2013,Victor Stinner,,,
455,Adding a key-transforming dictionary to collections,Rejected,Standards Track,13-Sep-2013,Antoine Pitrou,,,
456,Secure and interchangeable hash algorithm,Final,Standards Track,27-Sep-2013,Christian Heimes,,,
457,Notation For Positional-Only Parameters,Final,Informational,08-Oct-2013,Larry Hastings,,,
458,Secure PyPI downloads with signed repository metadata,Accepted,Standards Track,27-Sep-2013,Trishank Karthik Kuppusamy; Vladimir Diaz; Marina Moore; Lukas Puehringer; Joshua Lock; Lois Anne DeLong; Justin Cappos,Packaging,,
459,Standard Metadata Extensions for Python Software Packages,Withdrawn,Standards Track,11-Nov-2013,Alyssa Coghlan,Packaging,426,
460,Add binary interpolation and formatting,Withdrawn,Standards Track,06-Jan-2014,Antoine Pitrou,,,
461,Adding % formatting to bytes and bytearray,Final,Standards Track,13-Jan-2014,Ethan Furman,,,
462,Core development workflow automation for CPython,Withdrawn,Process,23-Jan-2014,Alyssa Coghlan,,474,
463,Exception-catching expressions,Rejected,Standards Track,15-Feb-2014,Chris Angelico,,,
464,Removal of the PyPI Mirror Authenticity API,Final,Process,02-Mar-2014,Donald Stufft,Packaging,,381
465,A dedicated infix operator for matrix multiplication,Final,Standards Track,20-Feb-2014,Nathaniel J. Smith,,,
466,Network Security Enhancements for Python 2.7.x,Final,Standards Track,23-Mar-2014,Alyssa Coghlan,,,
467,Minor API improvements for binary sequences,Draft,Standards Track,30-Mar-2014,Alyssa Coghlan; Ethan Furman,,,
468,Preserving the order of \*\*kwargs in a function.,Final,Standards Track,05-Apr-2014,Eric Snow,,,
469,Migration of dict iteration code to Python 3,Withdrawn,Standards Track,18-Apr-2014,Alyssa Coghlan,,,
470,Removing External Hosting Support on PyPI,Final,Process,12-May-2014,Donald Stufft,Packaging,,438
471,os.scandir() function -- a better and faster directory iterator,Final,Standards Track,30-May-2014,Ben Hoyt,,,
472,Support for indexing with keyword arguments,Rejected,Standards Track,24-Jun-2014,Stefano Borini; Joseph Martinot-Lagarde,,,
473,Adding structured data to built-in exceptions,Rejected,Standards Track,29-Mar-2014,Sebastian Kreft,,,
474,Creating forge.python.org,Withdrawn,Process,19-Jul-2014,Alyssa Coghlan,,,
475,Retry system calls failing with EINTR,Final,Standards Track,29-Jul-2014,Charles-François Natali; Victor Stinner,,,
476,Enabling certificate verification by default for stdlib http clients,Final,Standards Track,28-Aug-2014,Alex Gaynor,,,
477,Backport ensurepip (PEP 453) to Python 2.7,Final,Standards Track,26-Aug-2014,Donald Stufft; Alyssa Coghlan,,,
478,Python 3.5 Release Schedule,Final,Informational,22-Sep-2014,Larry Hastings,Release,,
479,Change StopIteration handling inside generators,Final,Standards Track,15-Nov-2014,Chris Angelico; Guido van Rossum,,,
480,Surviving a Compromise of PyPI: End-to-end signing of packages,Draft,Standards Track,08-Oct-2014,Trishank Karthik Kuppusamy; Vladimir Diaz; Justin Cappos; Marina Moore,Packaging,458,
481,"Migrate CPython to Git, Github, and Phabricator",Withdrawn,Process,29-Nov-2014,Donald Stufft,,,
482,Literature Overview for Type Hints,Final,Informational,08-Jan-2015,Łukasz Langa,Typing,,
483,The Theory of Type Hints,Final,Informational,19-Dec-2014,Guido van Rossum; Ivan Levkivskyi,Typing,,
484,Type Hints,Final,Standards Track,29-Sep-2014,Guido van Rossum; Jukka Lehtosalo; Łukasz Langa,Typing,,
485,A Function for testing approximate equality,Final,Standards Track,20-Jan-2015,Christopher Barker,,,
486,Make the Python Launcher aware of virtual environments,Final,Standards Track,12-Feb-2015,Paul Moore,,,
487,Simpler customisation of class creation,Final,Standards Track,27-Feb-2015,Martin Teichmann,,,422
488,Elimination of PYO files,Final,Standards Track,20-Feb-2015,Brett Cannon,,,
489,Multi-phase extension module initialization,Final,Standards Track,11-Aug-2013,Petr Viktorin; Stefan Behnel; Alyssa Coghlan,,,
490,Chain exceptions at C level,Rejected,Standards Track,25-Mar-2015,Victor Stinner,,,
491,The Wheel Binary Package Format 1.9,Deferred,Standards Track,16-Apr-2015,Daniel Holth,Packaging,,
492,Coroutines with async and await syntax,Final,Standards Track,09-Apr-2015,Yury Selivanov,,,
493,HTTPS verification migration tools for Python 2.7,Final,Standards Track,10-May-2015,Alyssa Coghlan; Robert Kuska; Marc-André Lemburg,,,
494,Python 3.6 Release Schedule,Final,Informational,30-May-2015,Ned Deily,Release,,
495,Local Time Disambiguation,Final,Standards Track,02-Aug-2015,Alexander Belopolsky; Tim Peters,,,
496,Environment Markers,Rejected,Informational,03-Jul-2015,James Polley,Packaging,,
497,A standard mechanism for backward compatibility,Rejected,Process,04-Aug-2015,Ed Schofield,,,
498,Literal String Interpolation,Final,Standards Track,01-Aug-2015,Eric V. Smith,,,
499,``python -m foo`` should also bind ``'foo'`` in ``sys.modules``,Deferred,Standards Track,07-Aug-2015,Cameron Simpson; Chris Angelico; Joseph Jevnik,,,
500,A protocol for delegating datetime methods to their tzinfo implementations,Rejected,Standards Track,08-Aug-2015,Alexander Belopolsky; Tim Peters,,495,
501,General purpose template literal strings,Withdrawn,Standards Track,08-Aug-2015,Alyssa Coghlan; Nick Humrich,,701,
502,String Interpolation - Extended Discussion,Rejected,Informational,10-Aug-2015,Mike G. Miller,,,
503,Simple Repository API,Final,Standards Track,04-Sep-2015,Donald Stufft,Packaging,,
504,Using the System RNG by default,Withdrawn,Standards Track,15-Sep-2015,Alyssa Coghlan,,,
505,None-aware operators,Deferred,Standards Track,18-Sep-2015,Mark E. Haase; Steve Dower,,,
506,Adding A Secrets Module To The Standard Library,Final,Standards Track,19-Sep-2015,Steven D'Aprano,,,
507,Migrate CPython to Git and GitLab,Rejected,Process,30-Sep-2015,Barry Warsaw,,,
508,Dependency specification for Python Software Packages,Final,Standards Track,11-Nov-2015,Robert Collins,Packaging,,
509,Add a private version to dict,Superseded,Standards Track,04-Jan-2016,Victor Stinner,,,
510,Specialize functions with guards,Rejected,Standards Track,04-Jan-2016,Victor Stinner,,,
511,API for code transformers,Rejected,Standards Track,04-Jan-2016,Victor Stinner,,,
512,Migrating from hg.python.org to GitHub,Final,Process,17-Jan-2015,Brett Cannon,,,
513,A Platform Tag for Portable Linux Built Distributions,Superseded,Informational,19-Jan-2016,Robert T. McGibbon; Nathaniel J. Smith,Packaging,,
514,Python registration in the Windows registry,Active,Informational,02-Feb-2016,Steve Dower,,,
515,Underscores in Numeric Literals,Final,Standards Track,10-Feb-2016,Georg Brandl; Serhiy Storchaka,,,
516,Build system abstraction for pip/conda etc,Rejected,Standards Track,26-Oct-2015,Robert Collins; Nathaniel J. Smith,Packaging,,
517,A build-system independent format for source trees,Final,Standards Track,30-Sep-2015,Nathaniel J. Smith; Thomas Kluyver,Packaging,,
518,Specifying Minimum Build System Requirements for Python Projects,Final,Standards Track,10-May-2016,Brett Cannon; Nathaniel J. Smith; Donald Stufft,Packaging,,
519,Adding a file system path protocol,Final,Standards Track,11-May-2016,Brett Cannon; Koos Zevenhoven,,,
520,Preserving Class Attribute Definition Order,Final,Standards Track,07-Jun-2016,Eric Snow,,,
521,Managing global context via 'with' blocks in generators and coroutines,Withdrawn,Standards Track,27-Apr-2015,Nathaniel J. Smith,,,
522,Allow BlockingIOError in security sensitive APIs,Rejected,Standards Track,16-Jun-2016,Alyssa Coghlan; Nathaniel J. Smith,,506,
523,Adding a frame evaluation API to CPython,Final,Standards Track,16-May-2016,Brett Cannon; Dino Viehland,,,
524,Make os.urandom() blocking on Linux,Final,Standards Track,20-Jun-2016,Victor Stinner,,,
525,Asynchronous Generators,Final,Standards Track,28-Jul-2016,Yury Selivanov,,,
526,Syntax for Variable Annotations,Final,Standards Track,09-Aug-2016,Ryan Gonzalez; Philip House; Ivan Levkivskyi; Lisa Roach; Guido van Rossum,Typing,,
527,Removing Un(der)used file types/extensions on PyPI,Final,Standards Track,23-Aug-2016,Donald Stufft,Packaging,,
528,Change Windows console encoding to UTF-8,Final,Standards Track,27-Aug-2016,Steve Dower,,,
529,Change Windows filesystem encoding to UTF-8,Final,Standards Track,27-Aug-2016,Steve Dower,,,
530,Asynchronous Comprehensions,Final,Standards Track,03-Sep-2016,Yury Selivanov,,,
531,Existence checking operators,Withdrawn,Standards Track,25-Oct-2016,Alyssa Coghlan,,,
532,A circuit breaking protocol and binary operators,Deferred,Standards Track,30-Oct-2016,Alyssa Coghlan; Mark E. Haase,,,
533,Deterministic cleanup for iterators,Deferred,Standards Track,18-Oct-2016,Nathaniel J. Smith,,,
534,Improved Errors for Missing Standard Library Modules,Withdrawn,Standards Track,05-Sep-2016,Tomáš Orsava; Petr Viktorin; Alyssa Coghlan,,,
535,Rich comparison chaining,Deferred,Standards Track,12-Nov-2016,Alyssa Coghlan,,532,
536,Final Grammar for Literal String Interpolation,Withdrawn,Standards Track,11-Dec-2016,Philipp Angerer,,,
537,Python 3.7 Release Schedule,Final,Informational,23-Dec-2016,Ned Deily,Release,,
538,Coercing the legacy C locale to a UTF-8 based locale,Final,Standards Track,28-Dec-2016,Alyssa Coghlan,,,
539,A New C-API for Thread-Local Storage in CPython,Final,Standards Track,20-Dec-2016,Erik M. Bray; Masayuki Yamamoto,,,
540,Add a new UTF-8 Mode,Final,Standards Track,05-Jan-2016,Victor Stinner,,,
541,Package Index Name Retention,Final,Process,12-Jan-2017,Łukasz Langa,Packaging,,
542,Dot Notation Assignment In Function Header,Rejected,Standards Track,10-Feb-2017,Markus Meskanen,,,
543,A Unified TLS API for Python,Withdrawn,Standards Track,17-Oct-2016,Cory Benfield; Christian Heimes,,,
544,Protocols: Structural subtyping (static duck typing),Final,Standards Track,05-Mar-2017,Ivan Levkivskyi; Jukka Lehtosalo; Łukasz Langa,Typing,,
545,Python Documentation Translations,Active,Process,04-Mar-2017,Julien Palard; Inada Naoki; Victor Stinner,Governance,,
546,Backport ssl.MemoryBIO and ssl.SSLObject to Python 2.7,Rejected,Standards Track,30-May-2017,Victor Stinner; Cory Benfield,,,
547,Running extension modules using the -m option,Deferred,Standards Track,25-May-2017,Marcel Plch; Petr Viktorin,,,
548,More Flexible Loop Control,Rejected,Standards Track,05-Sep-2017,R David Murray,,,
549,Instance Descriptors,Rejected,Standards Track,04-Sep-2017,Larry Hastings,,,
550,Execution Context,Withdrawn,Standards Track,11-Aug-2017,Yury Selivanov; Elvis Pranskevichus,,,
551,Security transparency in the Python runtime,Withdrawn,Informational,23-Aug-2017,Steve Dower,,,
552,Deterministic pycs,Final,Standards Track,04-Sep-2017,Benjamin Peterson,,,
553,Built-in breakpoint(),Final,Standards Track,05-Sep-2017,Barry Warsaw,,,
554,Multiple Interpreters in the Stdlib,Superseded,Standards Track,05-Sep-2017,Eric Snow,,,
555,Context-local variables (contextvars),Withdrawn,Standards Track,06-Sep-2017,Koos Zevenhoven,,,
556,Threaded garbage collection,Deferred,Standards Track,08-Sep-2017,Antoine Pitrou,,,
557,Data Classes,Final,Standards Track,02-Jun-2017,Eric V. Smith,,,
558,Defined semantics for locals(),Withdrawn,Standards Track,08-Sep-2017,Alyssa Coghlan,,,
559,Built-in noop(),Rejected,Standards Track,08-Sep-2017,Barry Warsaw,,,
560,Core support for typing module and generic types,Final,Standards Track,03-Sep-2017,Ivan Levkivskyi,Typing,,
561,Distributing and Packaging Type Information,Final,Standards Track,09-Sep-2017,Emma Harper Smith,Packaging; Typing,,
562,Module __getattr__ and __dir__,Final,Standards Track,09-Sep-2017,Ivan Levkivskyi,,,
563,Postponed Evaluation of Annotations,Superseded,Standards Track,08-Sep-2017,Łukasz Langa,Typing,,
564,Add new time functions with nanosecond resolution,Final,Standards Track,16-Oct-2017,Victor Stinner,,,
565,Show DeprecationWarning in __main__,Final,Standards Track,12-Nov-2017,Alyssa Coghlan,,,
566,Metadata for Python Software Packages 2.1,Final,Standards Track,01-Dec-2017,Dustin Ingram,Packaging,,345
567,Context Variables,Final,Standards Track,12-Dec-2017,Yury Selivanov,,,
568,Generator-sensitivity for Context Variables,Deferred,Standards Track,04-Jan-2018,Nathaniel J. Smith,,,
569,Python 3.8 Release Schedule,Final,Informational,27-Jan-2018,Łukasz Langa,Release,,
570,Python Positional-Only Parameters,Final,Standards Track,20-Jan-2018,Larry Hastings; Pablo Galindo Salgado; Mario Corchero; Eric N. Vander Weele,,,
571,The manylinux2010 Platform Tag,Superseded,Informational,05-Feb-2018,Mark  Williams; Geoffrey Thomas; Thomas Kluyver,Packaging,,
572,Assignment Expressions,Final,Standards Track,28-Feb-2018,Chris Angelico; Tim Peters; Guido van Rossum,,,
573,Module State Access from C Extension Methods,Final,Standards Track,02-Jun-2016,Petr Viktorin; Alyssa Coghlan; Eric Snow; Marcel Plch,,,
574,Pickle protocol 5 with out-of-band data,Final,Standards Track,23-Mar-2018,Antoine Pitrou,,,
575,Unifying function/method classes,Withdrawn,Standards Track,27-Mar-2018,Jeroen Demeyer,,,
576,Rationalize Built-in function classes,Withdrawn,Standards Track,10-May-2018,Mark Shannon,,,
577,Augmented Assignment Expressions,Withdrawn,Standards Track,14-May-2018,Alyssa Coghlan,,,
578,Python Runtime Audit Hooks,Final,Standards Track,16-Jun-2018,Steve Dower,,,
579,Refactoring C functions and methods,Final,Informational,04-Jun-2018,Jeroen Demeyer,,,
580,The C call protocol,Rejected,Standards Track,14-Jun-2018,Jeroen Demeyer,,,
581,Using GitHub Issues for CPython,Final,Process,20-Jun-2018,Mariatta,,,
582,Python local packages directory,Rejected,Standards Track,16-May-2018,Kushal Das; Steve Dower; Donald Stufft; Alyssa Coghlan,Packaging,,
583,A Concurrency Memory Model for Python,Withdrawn,Informational,22-Mar-2008,Jeffrey Yasskin,,,
584,Add Union Operators To dict,Final,Standards Track,01-Mar-2019,Steven D'Aprano; Brandt Bucher,,,
585,Type Hinting Generics In Standard Collections,Final,Standards Track,03-Mar-2019,Łukasz Langa,Typing,,
586,Literal Types,Final,Standards Track,14-Mar-2019,Michael Lee; Ivan Levkivskyi; Jukka Lehtosalo,Typing,,
587,Python Initialization Configuration,Final,Standards Track,27-Mar-2019,Victor Stinner; Alyssa Coghlan,,,
588,GitHub Issues Migration Plan,Final,Informational,27-Mar-2019,Mariatta,,,
589,TypedDict: Type Hints for Dictionaries with a Fixed Set of Keys,Final,Standards Track,20-Mar-2019,Jukka Lehtosalo,Typing,,
590,Vectorcall: a fast calling protocol for CPython,Final,Standards Track,29-Mar-2019,Mark Shannon; Jeroen Demeyer,,,
591,Adding a final qualifier to typing,Final,Standards Track,15-Mar-2019,Michael J. Sullivan; Ivan Levkivskyi,Typing,,
592,"Adding ""Yank"" Support to the Simple API",Final,Standards Track,07-May-2019,Donald Stufft,Packaging,,
593,Flexible function and variable annotations,Final,Standards Track,26-Apr-2019,Till Varoquaux; Konstantin Kashin,Typing,,
594,Removing dead batteries from the standard library,Final,Standards Track,20-May-2019,Christian Heimes; Brett Cannon,,,
595,Improving bugs.python.org,Withdrawn,Informational,12-May-2019,Ezio Melotti; Berker Peksag,,,
596,Python 3.9 Release Schedule,Final,Informational,04-Jun-2019,Łukasz Langa,Release,,
597,Add optional EncodingWarning,Final,Standards Track,05-Jun-2019,Inada Naoki,,,
598,Introducing incremental feature releases,Withdrawn,Informational,15-Jun-2019,Alyssa Coghlan,,,
599,The manylinux2014 Platform Tag,Superseded,Informational,29-Apr-2019,Dustin Ingram,Packaging,,
600,Future 'manylinux' Platform Tags for Portable Linux Built Distributions,Final,Standards Track,03-May-2019,Nathaniel J. Smith; Thomas Kluyver,Packaging,,513; 571; 599
601,Forbid return/break/continue breaking out of finally,Rejected,Standards Track,26-Aug-2019,Damien George; Batuhan Taskaya,,,
602,Annual Release Cycle for Python,Active,Process,04-Jun-2019,Łukasz Langa,,,
603,Adding a frozenmap type to collections,Draft,Standards Track,12-Sep-2019,Yury Selivanov,,,
604,Allow writing union types as ``X | Y``,Final,Standards Track,28-Aug-2019,Philippe PRADOS; Maggie Moss,Typing,,
605,A rolling feature release stream for CPython,Rejected,Informational,20-Sep-2019,Steve Dower; Alyssa Coghlan,,,
606,Python Compatibility Version,Rejected,Standards Track,18-Oct-2019,Victor Stinner,,,
607,Reducing CPython's Feature Delivery Latency,Final,Informational,11-Oct-2019,Łukasz Langa; Steve Dower; Alyssa Coghlan,,,
608,Coordinated Python release,Rejected,Standards Track,25-Oct-2019,Miro Hrončok; Victor Stinner,,,
609,Python Packaging Authority (PyPA) Governance,Active,Process,05-Nov-2019,Dustin Ingram; Pradyun Gedam; Sumana Harihareswara,Governance; Packaging,,
610,Recording the Direct URL Origin of installed distributions,Final,Standards Track,21-Apr-2019,Stéphane Bidoul; Chris Jerdonek,Packaging,,
611,The one million limit,Withdrawn,Standards Track,05-Dec-2019,Mark Shannon,,,
612,Parameter Specification Variables,Final,Standards Track,18-Dec-2019,Mark Mendoza,Typing,,
613,Explicit Type Aliases,Final,Standards Track,21-Jan-2020,Shannon Zhu,Typing,,
614,Relaxing Grammar Restrictions On Decorators,Final,Standards Track,10-Feb-2020,Brandt Bucher,,,
615,Support for the IANA Time Zone Database in the Standard Library,Final,Standards Track,22-Feb-2020,Paul Ganssle,,,431
616,String methods to remove prefixes and suffixes,Final,Standards Track,19-Mar-2020,Dennis Sweeney,,,
617,New PEG parser for CPython,Final,Standards Track,24-Mar-2020,Guido van Rossum; Pablo Galindo Salgado; Lysandros Nikolaou,,,
618,Add Optional Length-Checking To zip,Final,Standards Track,01-May-2020,Brandt Bucher,,,
619,Python 3.10 Release Schedule,Active,Informational,25-May-2020,Pablo Galindo Salgado,Release,,
620,Hide implementation details from the C API,Withdrawn,Standards Track,19-Jun-2020,Victor Stinner,,,
621,Storing project metadata in pyproject.toml,Final,Standards Track,22-Jun-2020,Brett Cannon; Dustin Ingram; Paul Ganssle; Pradyun Gedam; Sébastien Eustace; Thomas Kluyver; Tzu-ping Chung,Packaging,,
622,Structural Pattern Matching,Superseded,Standards Track,23-Jun-2020,Brandt Bucher; Daniel F Moisset; Tobias Kohn; Ivan Levkivskyi; Guido van Rossum; Talin,,,
623,Remove wstr from Unicode,Final,Standards Track,25-Jun-2020,Inada Naoki,,,
624,Remove Py_UNICODE encoder APIs,Final,Standards Track,06-Jul-2020,Inada Naoki,,,
625,Filename of a Source Distribution,Final,Standards Track,08-Jul-2020,Tzu-ping Chung; Paul Moore,Packaging,,
626,Precise line numbers for debugging and other tools.,Final,Standards Track,15-Jul-2020,Mark Shannon,,,
627,Recording installed projects,Final,Standards Track,15-Jul-2020,Petr Viktorin,Packaging,,
628,Add ``math.tau``,Final,Standards Track,28-Jun-2011,Alyssa Coghlan,,,
629,Versioning PyPI's Simple API,Final,Standards Track,16-Jul-2020,Donald Stufft,Packaging,,
630,Isolating Extension Modules,Final,Informational,25-Aug-2020,Petr Viktorin,,,
631,Dependency specification in pyproject.toml based on PEP 508,Superseded,Standards Track,20-Aug-2020,Ofek Lev,Packaging,,
632,Deprecate distutils module,Final,Standards Track,03-Sep-2020,Steve Dower,,,
633,Dependency specification in pyproject.toml using an exploded TOML table,Rejected,Standards Track,02-Sep-2020,Laurie Opperman; Arun Babu Neelicattu,Packaging,,
634,Structural Pattern Matching: Specification,Final,Standards Track,12-Sep-2020,Brandt Bucher; Guido van Rossum,,,622
635,Structural Pattern Matching: Motivation and Rationale,Final,Informational,12-Sep-2020,Tobias Kohn; Guido van Rossum,,,
636,Structural Pattern Matching: Tutorial,Final,Informational,12-Sep-2020,Daniel F Moisset,,,
637,Support for indexing with keyword arguments,Rejected,Standards Track,24-Aug-2020,Stefano Borini,,,
638,Syntactic Macros,Draft,Standards Track,24-Sep-2020,Mark Shannon,,,
639,Improving License Clarity with Better Package Metadata,Final,Standards Track,15-Aug-2019,Philippe Ombredanne; C.A.M. Gerlach; Karolina Surma,Packaging,,
640,Unused variable syntax,Rejected,Standards Track,04-Oct-2020,Thomas Wouters,,,
641,Using an underscore in the version portion of Python 3.10 compatibility tags,Rejected,Standards Track,20-Oct-2020,Brett Cannon; Steve Dower; Barry Warsaw,,,
642,Explicit Pattern Syntax for Structural Pattern Matching,Rejected,Standards Track,26-Sep-2020,Alyssa Coghlan,,634,
643,Metadata for Package Source Distributions,Final,Standards Track,24-Oct-2020,Paul Moore,Packaging,,
644,Require OpenSSL 1.1.1 or newer,Final,Standards Track,27-Oct-2020,Christian Heimes,,,
645,Allow writing optional types as ``x?``,Withdrawn,Standards Track,25-Aug-2020,Maggie Moss,,,
646,Variadic Generics,Final,Standards Track,16-Sep-2020,Mark Mendoza; Matthew Rahtz; Pradeep Kumar Srinivasan; Vincent Siles,Typing,,
647,User-Defined Type Guards,Final,Standards Track,07-Oct-2020,Eric Traut,Typing,,
648,Extensible customizations of the interpreter at startup,Rejected,Standards Track,30-Dec-2020,Mario Corchero,,,
649,Deferred Evaluation Of Annotations Using Descriptors,Final,Standards Track,11-Jan-2021,Larry Hastings,Typing,,563
650,Specifying Installer Requirements for Python Projects,Withdrawn,Standards Track,16-Jul-2020,Vikram Jayanthi; Dustin Ingram; Brett Cannon,Packaging,,
651,Robust Stack Overflow Handling,Rejected,Standards Track,18-Jan-2021,Mark Shannon,,,
652,Maintaining the Stable ABI,Final,Standards Track,09-Feb-2021,Petr Viktorin,,,
653,Precise Semantics for Pattern Matching,Draft,Standards Track,09-Feb-2021,Mark Shannon,,,
654,Exception Groups and except*,Final,Standards Track,22-Feb-2021,Irit Katriel; Yury Selivanov; Guido van Rossum,,,
655,Marking individual TypedDict items as required or potentially-missing,Final,Standards Track,30-Jan-2021,David Foster,Typing,,
656,Platform Tag for Linux Distributions Using Musl,Final,Standards Track,17-Mar-2021,Tzu-ping Chung,Packaging,,
657,Include Fine Grained Error Locations in Tracebacks,Final,Standards Track,08-May-2021,Pablo Galindo Salgado; Batuhan Taskaya; Ammar Askar,,,
658,Serve Distribution Metadata in the Simple Repository API,Accepted,Standards Track,10-May-2021,Tzu-ping Chung,Packaging,,
659,Specializing Adaptive Interpreter,Final,Informational,13-Apr-2021,Mark Shannon,,,
660,Editable installs for pyproject.toml based builds (wheel based),Final,Standards Track,30-Mar-2021,Daniel Holth; Stéphane Bidoul,Packaging,,
661,Sentinel Values,Deferred,Standards Track,06-Jun-2021,Tal Einat,,,
662,Editable installs via virtual wheels,Rejected,Standards Track,28-May-2021,Bernát Gábor,Packaging,,
663,"Standardizing Enum str(), repr(), and format() behaviors",Rejected,Informational,30-Jun-2021,Ethan Furman,,,
664,Python 3.11 Release Schedule,Active,Informational,12-Jul-2021,Pablo Galindo Salgado,Release,,
665,A file format to list Python dependencies for reproducibility of an application,Rejected,Standards Track,29-Jul-2021,Brett Cannon; Pradyun Gedam; Tzu-ping Chung,Packaging,,
666,Reject Foolish Indentation,Rejected,Standards Track,03-Dec-2001,Laura Creighton,,,
667,Consistent views of namespaces,Final,Standards Track,30-Jul-2021,Mark Shannon; Tian Gao,,,
668,Marking Python base environments as “externally managed”,Accepted,Standards Track,18-May-2021,Geoffrey Thomas; Matthias Klose; Filipe Laíns; Donald Stufft; Tzu-ping Chung; Stefano Rivera; Elana Hashman; Pradyun Gedam,Packaging,,
669,Low Impact Monitoring for CPython,Final,Standards Track,18-Aug-2021,Mark Shannon,,,
670,Convert macros to functions in the Python C API,Final,Standards Track,19-Oct-2021,Erlend Egeberg Aasland; Victor Stinner,,,
671,Syntax for late-bound function argument defaults,Draft,Standards Track,24-Oct-2021,Chris Angelico,,,
672,Unicode-related Security Considerations for Python,Active,Informational,01-Nov-2021,Petr Viktorin,,,
673,Self Type,Final,Standards Track,10-Nov-2021,Pradeep Kumar Srinivasan; James Hilton-Balfe,Typing,,
674,Disallow using macros as l-values,Deferred,Standards Track,30-Nov-2021,Victor Stinner,,,
675,Arbitrary Literal String Type,Final,Standards Track,30-Nov-2021,Pradeep Kumar Srinivasan; Graham Bleaney,Typing,,
676,PEP Infrastructure Process,Active,Process,01-Nov-2021,Adam Turner,,,
677,Callable Type Syntax,Rejected,Standards Track,13-Dec-2021,Steven Troxler; Pradeep Kumar Srinivasan,Typing,,
678,Enriching Exceptions with Notes,Final,Standards Track,20-Dec-2021,Zac Hatfield-Dodds,,654,
679,New assert statement syntax with parentheses,Rejected,Standards Track,07-Jan-2022,Pablo Galindo Salgado; Stan Ulbrych,,,
680,tomllib: Support for Parsing TOML in the Standard Library,Final,Standards Track,01-Jan-2022,Taneli Hukkinen; Shantanu Jain,,,
681,Data Class Transforms,Final,Standards Track,02-Dec-2021,Erik De Bonte; Eric Traut,Typing,,
682,Format Specifier for Signed Zero,Final,Standards Track,29-Jan-2022,John Belmonte,,,
683,"Immortal Objects, Using a Fixed Refcount",Final,Standards Track,10-Feb-2022,Eric Snow; Eddie Elizondo,,,
684,A Per-Interpreter GIL,Final,Standards Track,08-Mar-2022,Eric Snow,,683,
685,Comparison of extra names for optional distribution dependencies,Final,Standards Track,08-Mar-2022,Brett Cannon,Packaging,,
686,Make UTF-8 mode default,Final,Standards Track,18-Mar-2022,Inada Naoki,,,
687,Isolating modules in the standard library,Accepted,Standards Track,04-Apr-2022,Erlend Egeberg Aasland; Petr Viktorin,,489; 573; 630,
688,Making the buffer protocol accessible in Python,Final,Standards Track,23-Apr-2022,Jelle Zijlstra,Typing,,
689,Unstable C API tier,Final,Standards Track,22-Apr-2022,Petr Viktorin,,523,
690,Lazy Imports,Rejected,Standards Track,29-Apr-2022,Germán Méndez Bravo; Carl Meyer,,,
691,JSON-based Simple API for Python Package Indexes,Accepted,Standards Track,04-May-2022,Donald Stufft; Pradyun Gedam; Cooper Lees; Dustin Ingram,Packaging,,
692,Using TypedDict for more precise \*\*kwargs typing,Final,Standards Track,29-May-2022,Franek Magiera,Typing,,
693,Python 3.12 Release Schedule,Active,Informational,24-May-2022,Thomas Wouters,Release,,
694,Upload 2.0 API for Python Package Indexes,Draft,Standards Track,11-Jun-2022,Barry Warsaw; Donald Stufft; Ee Durbin,Packaging,,
695,Type Parameter Syntax,Final,Standards Track,15-Jun-2022,Eric Traut,Typing,,
696,Type Defaults for Type Parameters,Final,Standards Track,14-Jul-2022,James Hilton-Balfe,Typing,,
697,Limited C API for Extending Opaque Types,Final,Standards Track,23-Aug-2022,Petr Viktorin,,,
698,Override Decorator for Static Typing,Final,Standards Track,05-Sep-2022,Steven Troxler; Joshua Xu; Shannon Zhu,Typing,,
699,Remove private dict version field added in PEP 509,Accepted,Standards Track,03-Oct-2022,Ken Jin,,,509
700,Additional Fields for the Simple API for Package Indexes,Final,Standards Track,21-Oct-2022,Paul Moore,Packaging,,
701,Syntactic formalization of f-strings,Accepted,Standards Track,15-Nov-2022,Pablo Galindo Salgado; Batuhan Taskaya; Lysandros Nikolaou; Marta Gómez Macías,,,
702,Marking deprecations using the type system,Final,Standards Track,30-Dec-2022,Jelle Zijlstra,Typing,,
703,Making the Global Interpreter Lock Optional in CPython,Accepted,Standards Track,09-Jan-2023,Sam Gross,,,
704,Require virtual environments by default for package installers,Withdrawn,Standards Track,16-Jan-2023,Pradyun Gedam,Packaging,,
705,TypedDict: Read-only items,Final,Standards Track,07-Nov-2022,Alice Purcell,Typing,,
706,Filter for tarfile.extractall,Final,Standards Track,09-Feb-2023,Petr Viktorin,,,
707,A simplified signature for __exit__ and __aexit__,Rejected,Standards Track,18-Feb-2023,Irit Katriel,,,
708,Extending the Repository API to Mitigate Dependency Confusion Attacks,Provisional,Standards Track,20-Feb-2023,Donald Stufft,Packaging,,
709,Inlined comprehensions,Final,Standards Track,24-Feb-2023,Carl Meyer,,,
710,Recording the provenance of installed packages,Draft,Standards Track,27-Mar-2023,Fridolín Pokorný,Packaging,,
711,PyBI: a standard format for distributing Python Binaries,Draft,Standards Track,06-Apr-2023,Nathaniel J. Smith,Packaging,,
712,"Adding a ""converter"" parameter to dataclasses.field",Rejected,Standards Track,01-Jan-2023,Joshua Cannon,,,
713,Callable Modules,Rejected,Standards Track,20-Apr-2023,Amethyst Reese,,,
714,Rename dist-info-metadata in the Simple API,Accepted,Standards Track,06-Jun-2023,Donald Stufft,Packaging,,
715,Disabling bdist_egg distribution uploads on PyPI,Final,Standards Track,06-Jun-2023,William Woodruff,Packaging,,
718,Subscriptable functions,Draft,Standards Track,23-Jun-2023,James Hilton-Balfe,Typing,,
719,Python 3.13 Release Schedule,Active,Informational,26-May-2023,Thomas Wouters,Release,,
720,Cross-compiling Python packages,Draft,Informational,01-Jul-2023,Filipe Laíns,,,
721,Using tarfile.data_filter for source distribution extraction,Final,Standards Track,12-Jul-2023,Petr Viktorin,Packaging,706,
722,Dependency specification for single-file scripts,Rejected,Standards Track,19-Jul-2023,Paul Moore,Packaging,,
723,Inline script metadata,Final,Standards Track,04-Aug-2023,Ofek Lev,Packaging,,722
724,Stricter Type Guards,Withdrawn,Standards Track,28-Jul-2023,Rich Chiodo; Eric Traut; Erik De Bonte,Typing,,
725,Specifying external dependencies in pyproject.toml,Draft,Standards Track,17-Aug-2023,Pradyun Gedam; Jaime Rodríguez-Guerra; Ralf Gommers,Packaging,,
726,Module ``__setattr__`` and ``__delattr__``,Rejected,Standards Track,24-Aug-2023,Sergey B Kirpichev,,,
727,Documentation in Annotated Metadata,Withdrawn,Standards Track,28-Aug-2023,Sebastián Ramírez,Typing,,
728,TypedDict with Typed Extra Items,Accepted,Standards Track,12-Sep-2023,Zixuan James Li,Typing,,
729,Typing governance process,Active,Process,19-Sep-2023,Jelle Zijlstra; Shantanu Jain,Governance; Typing,,
730,Adding iOS as a supported platform,Final,Standards Track,09-Oct-2023,Russell Keith-Magee,,,
731,C API Working Group Charter,Active,Process,11-Oct-2023,Guido van Rossum; Petr Viktorin; Victor Stinner; Steve Dower; Irit Katriel,Governance,,
732,The Python Documentation Editorial Board,Active,Process,14-Oct-2023,Joanna Jablonski,Governance,,
733,An Evaluation of Python's Public C API,Final,Informational,16-Oct-2023,Erlend Egeberg Aasland; Domenico Andreoli; Stefan Behnel; Carl Friedrich Bolz-Tereick; Simon Cross; Steve Dower; Tim Felgentreff; David Hewitt; Shantanu Jain; Wenzel Jakob; Irit Katriel; Marc-Andre Lemburg; Donghee Na; Karl Nelson; Ronald Oussoren; Antoine Pitrou; Neil Schemenauer; Mark Shannon; Stepan Sindelar; Gregory P. Smith; Eric Snow; Victor Stinner; Guido van Rossum; Petr Viktorin; Carol Willing; William Woodruff; David Woods; Jelle Zijlstra,,,
734,Multiple Interpreters in the Stdlib,Final,Standards Track,06-Nov-2023,Eric Snow,,,554
735,Dependency Groups in pyproject.toml,Final,Standards Track,20-Nov-2023,Stephen Rosen,Packaging,,
736,Shorthand syntax for keyword arguments at invocation,Rejected,Standards Track,28-Nov-2023,Joshua Bambrick; Chris Angelico,,,
737,C API to format a type fully qualified name,Final,Standards Track,29-Nov-2023,Victor Stinner,,,
738,Adding Android as a supported platform,Final,Standards Track,12-Dec-2023,Malcolm Smith,,,
739,``build-details.json`` 1.0 — a static description file for Python build details,Accepted,Standards Track,19-Dec-2023,Filipe Laíns,Packaging,,
740,Index support for digital attestations,Final,Standards Track,08-Jan-2024,William Woodruff; Facundo Tuesca; Dustin Ingram,Packaging,,
741,Python Configuration C API,Final,Standards Track,18-Jan-2024,Victor Stinner,,,
742,Narrowing types with TypeIs,Final,Standards Track,07-Feb-2024,Jelle Zijlstra,Typing,,724
743,Add Py_OMIT_LEGACY_API to the Python C API,Rejected,Standards Track,11-Mar-2024,Victor Stinner; Petr Viktorin,,,
744,JIT Compilation,Draft,Informational,11-Apr-2024,Brandt Bucher; Savannah Ostrowski,,,
745,Python 3.14 Release Schedule,Active,Informational,24-Apr-2024,Hugo van Kemenade,Release,,
746,Type checking Annotated metadata,Draft,Standards Track,20-May-2024,Adrian Garcia Badaracco,Typing,,
747,Annotating Type Forms,Draft,Standards Track,27-May-2024,David Foster; Eric Traut,Typing,,
748,A Unified TLS API for Python,Draft,Standards Track,27-Jun-2024,Joop van de Pol; William Woodruff,,,543
749,Implementing PEP 649,Final,Standards Track,28-May-2024,Jelle Zijlstra,Typing,649,
750,Template Strings,Final,Standards Track,08-Jul-2024,Jim Baker; Guido van Rossum; Paul Everitt; Koudai Aono; Lysandros Nikolaou; Dave Peck,,,
751,A file format to record Python dependencies for installation reproducibility,Final,Standards Track,24-Jul-2024,Brett Cannon,Packaging,,665
752,Implicit namespaces for package repositories,Draft,Standards Track,13-Aug-2024,Ofek Lev; Jarek Potiuk,Packaging,,
753,Uniform project URLs in core metadata,Accepted,Standards Track,29-Aug-2024,William Woodruff; Facundo Tuesca,Packaging,,
754,IEEE 754 Floating Point Special Values,Rejected,Standards Track,28-Mar-2003,Gregory R. Warnes,,,
755,Implicit namespace policy for PyPI,Draft,Process,05-Sep-2024,Ofek Lev,Packaging,,
756,Add PyUnicode_Export() and PyUnicode_Import() C functions,Withdrawn,Standards Track,13-Sep-2024,Victor Stinner,,,
757,C API to import-export Python integers,Final,Standards Track,13-Sep-2024,Sergey B Kirpichev; Victor Stinner,,,
758,Allow ``except`` and ``except*`` expressions without parentheses,Final,Standards Track,30-Sep-2024,Pablo Galindo Salgado; Brett Cannon,,,
759,External Wheel Hosting,Withdrawn,Standards Track,01-Oct-2024,Barry Warsaw; Emma Harper Smith,Packaging,,
760,No More Bare Excepts,Withdrawn,Standards Track,02-Oct-2024,Pablo Galindo Salgado; Brett Cannon,,,
761,Deprecating PGP signatures for CPython artifacts,Active,Process,08-Oct-2024,Seth Michael Larson,,,
762,REPL-acing the default REPL,Final,Informational,11-Oct-2024,Pablo Galindo Salgado; Łukasz Langa; Lysandros Nikolaou; Emily Morehouse-Valcarcel,,,
763,Limiting deletions on PyPI,Withdrawn,Standards Track,24-Oct-2024,William Woodruff; Alexis Challande,Packaging,,
764,Inline typed dictionaries,Draft,Standards Track,25-Oct-2024,Victorien Plot,Typing,,
765,Disallow return/break/continue that exit a finally block,Final,Standards Track,15-Nov-2024,Irit Katriel; Alyssa Coghlan,,,601
766,Explicit Priority Choices Among Multiple Indexes,Draft,Informational,18-Nov-2024,Michael Sarahan,Packaging,,
767,Annotating Read-Only Attributes,Draft,Standards Track,18-Nov-2024,Eneg,Typing,,
768,Safe external debugger interface for CPython,Final,Standards Track,25-Nov-2024,Pablo Galindo Salgado; Matt Wozniski; Ivona Stojanovic,,,
769,"Add a 'default' keyword argument to 'attrgetter', 'itemgetter' and 'getitem'",Rejected,Standards Track,22-Dec-2024,Facundo Batista,,,
770,Improving measurability of Python packages with Software Bill-of-Materials,Accepted,Standards Track,02-Jan-2025,Seth Larson,Packaging,,
771,Default Extras for Python Software Packages,Draft,Standards Track,13-Jan-2025,Thomas Robitaille; Jonathan Dekhtiar,Packaging,,
772,Packaging Council governance process,Draft,Process,21-Jan-2025,Barry Warsaw; Deb Nicholson; Pradyun Gedam,Governance; Packaging,,609
773,A Python Installation Manager for Windows,Accepted,Standards Track,21-Jan-2025,Steve Dower,Release,,397; 486
774,Removing the LLVM requirement for JIT builds,Deferred,Standards Track,27-Jan-2025,Savannah Ostrowski,,,
775,Make zlib required to build CPython,Withdrawn,Standards Track,24-Feb-2025,Gregory P. Smith; Stan Ulbrych; Petr Viktorin,,,
776,Emscripten Support,Draft,Informational,18-Mar-2025,Hood Chatham,,,
777,How to Re-invent the Wheel,Draft,Standards Track,09-Oct-2024,Emma Harper Smith,Packaging,,
778,Supporting Symlinks in Wheels,Deferred,Standards Track,18-May-2024,Emma Harper Smith,Packaging,777,
779,Criteria for supported status for free-threaded Python,Final,Standards Track,13-Mar-2025,Thomas Wouters; Matt Page; Sam Gross,,,
780,ABI features as environment markers,Draft,Standards Track,21-Mar-2025,Klaus Zimmermann; Ralf Gommers,Packaging,,
781,Make ``TYPE_CHECKING`` a built-in constant,Draft,Standards Track,24-Mar-2025,Inada Naoki,Typing,,
782,Add PyBytesWriter C API,Final,Standards Track,27-Mar-2025,Victor Stinner,,,
783,Emscripten Packaging,Draft,Standards Track,28-Mar-2025,Hood Chatham,Packaging,,
784,Adding Zstandard to the standard library,Final,Standards Track,06-Apr-2025,Emma Harper Smith,,,
785,New methods for easier handling of ``ExceptionGroup``\ s,Draft,Standards Track,08-Apr-2025,Zac Hatfield-Dodds,,,
787,Safer subprocess usage using t-strings,Deferred,Standards Track,13-Apr-2025,Nick Humrich; Alyssa Coghlan,,750,
788,Protecting the C API from Interpreter Finalization,Draft,Standards Track,23-Apr-2025,Peter Bierma,,,
789,Preventing task-cancellation bugs by limiting yield in async generators,Draft,Standards Track,14-May-2024,Zac Hatfield-Dodds; Nathaniel J. Smith,,,
790,Python 3.15 Release Schedule,Active,Informational,26-Apr-2025,Hugo van Kemenade,Release,,
791,math.integer --- submodule for integer-specific mathematics functions,Final,Standards Track,12-May-2025,Neil Girdhar; Sergey B Kirpichev; Tim Peters; Serhiy Storchaka,,,
792,Project status markers in the simple index,Final,Standards Track,21-May-2025,William Woodruff; Facundo Tuesca,Packaging,,
793,PyModExport: A new entry point for C extension modules,Accepted,Standards Track,23-May-2025,Petr Viktorin,,,
794,Import Name Metadata,Accepted,Standards Track,05-Jun-2025,Brett Cannon,Packaging,,
797,Shared Object Proxies,Draft,Standards Track,08-Aug-2025,Peter Bierma,,,
798,Unpacking in Comprehensions,Accepted,Standards Track,19-Jul-2025,Adam Hartz; Erik Demaine,,,
799,A dedicated ``profiling`` package for organizing Python profiling tools,Accepted,Standards Track,21-Jul-2025,Pablo Galindo Salgado; László Kiss Kollár,,,
800,Disjoint bases in the type system,Draft,Standards Track,21-Jul-2025,Jelle Zijlstra,Typing,,
801,Reserved,Active,Informational,21-Jun-2018,Barry Warsaw,,,
802,Display Syntax for the Empty Set,Draft,Standards Track,08-Aug-2025,Adam Turner,,,
803,"""abi3t"": Stable ABI for Free-Threaded Builds",Draft,Standards Track,19-Aug-2025,Petr Viktorin; Nathan Goldbaum,,703; 793; 697,
804,An external dependency registry and name mapping mechanism,Draft,Standards Track,03-Sep-2025,Pradyun Gedam; Ralf Gommers; Michał Górny; Jaime Rodríguez-Guerra; Michael Sarahan,Packaging,725,
806,Mixed sync/async context managers with precise async marking,Draft,Standards Track,05-Sep-2025,Zac Hatfield-Dodds,,,
807,Index support for Trusted Publishing,Draft,Standards Track,19-Sep-2025,William Woodruff,Packaging,,
808,Including static values in dynamic project metadata,Draft,Standards Track,19-Sep-2025,Henry Schreiner; Cristian Le,Packaging,,
809,Stable ABI for the Future,Draft,Standards Track,19-Sep-2025,Steve Dower,,703; 793; 697,
810,Explicit lazy imports,Accepted,Standards Track,02-Oct-2025,Pablo Galindo Salgado; Germán Méndez Bravo; Thomas Wouters; Dino Viehland; Brittany Reynoso; Noah Kim; Tim Stumbaugh,,,
811,Defining Python Security Response Team membership and responsibilities,Accepted,Process,22-Oct-2025,Seth Michael Larson,Governance,,
813,The Pretty Print Protocol,Draft,Standards Track,07-Nov-2025,Barry Warsaw; Eric V. Smith,,,
814,Add frozendict built-in type,Final,Standards Track,12-Nov-2025,Victor Stinner; Donghee Na,,,
815,Deprecate ``RECORD.jws`` and ``RECORD.p7s``,Final,Standards Track,04-Dec-2025,Konstantin Schütze; William Woodruff,Packaging,,
816,WASI Support,Draft,Informational,05-Nov-2025,Brett Cannon,,,
817,Wheel Variants: Beyond Platform Tags,Draft,Standards Track,10-Dec-2025,Jonathan Dekhtiar; Michał Górny; Konstantin Schütze; Ralf Gommers; Andrey Talman; Charlie Marsh; Michael Sarahan; Eli Uriegas; Barry Warsaw; Donald Stufft; Andy R. Terrel,Packaging,,
818,Adding the Core of the Pyodide Foreign Function Interface to Python,Draft,Standards Track,10-Dec-2025,Hood Chatham,,,
819,JSON Package Metadata,Draft,Standards Track,18-Dec-2025,Emma Harper Smith,Packaging,,
820,PySlot: Unified slot system for the C API,Draft,Standards Track,19-Dec-2025,Petr Viktorin,,,
821,Support for unpacking TypedDicts in Callable type hints,Draft,Standards Track,12-Jan-2026,Daniel Sperber,Typing,,
822,Dedented Multiline String (d-string),Draft,Standards Track,05-Jan-2026,Inada Naoki,,,
825,Wheel Variants: Package Format,Draft,Standards Track,17-Feb-2026,Jonathan Dekhtiar; Michał Górny; Konstantin Schütze; Ralf Gommers; Andrey Talman; Charlie Marsh; Michael Sarahan; Eli Uriegas; Barry Warsaw; Donald Stufft; Andy R. Terrel,Packaging,,
826,Python 3.16 Release Schedule,Active,Informational,23-Feb-2026,Savannah Ostrowski,Release,,
2026,Calendar versioning for Python,Rejected,Process,11-Jun-2024,Hugo van Kemenade,,,
3000,Python 3000,Final,Process,05-Apr-2006,Guido van Rossum,,,
3001,Procedure for reviewing and improving standard library modules,Withdrawn,Process,05-Apr-2006,Georg Brandl,,,
3002,Procedure for Backwards-Incompatible Changes,Final,Process,27-Mar-2006,Steven Bethard,,,
3003,Python Language Moratorium,Final,Process,21-Oct-2009,Brett Cannon; Jesse Noller; Guido van Rossum,,,
3099,Things that will Not Change in Python 3000,Final,Process,04-Apr-2006,Georg Brandl,,,
3100,Miscellaneous Python 3.0 Plans,Final,Process,20-Aug-2004,Brett Cannon,,,
3101,Advanced String Formatting,Final,Standards Track,16-Apr-2006,Talin,,,
3102,Keyword-Only Arguments,Final,Standards Track,22-Apr-2006,Talin,,,
3103,A Switch/Case Statement,Rejected,Standards Track,25-Jun-2006,Guido van Rossum,,,
3104,Access to Names in Outer Scopes,Final,Standards Track,12-Oct-2006,Ka-Ping Yee,,,
3105,Make print a function,Final,Standards Track,19-Nov-2006,Georg Brandl,,,
3106,"Revamping dict.keys(), .values() and .items()",Final,Standards Track,19-Dec-2006,Guido van Rossum,,,
3107,Function Annotations,Final,Standards Track,02-Dec-2006,Collin Winter; Tony Lownds,,,
3108,Standard Library Reorganization,Final,Standards Track,01-Jan-2007,Brett Cannon,,,
3109,Raising Exceptions in Python 3000,Final,Standards Track,19-Jan-2006,Collin Winter,,,
3110,Catching Exceptions in Python 3000,Final,Standards Track,16-Jan-2006,Collin Winter,,,
3111,Simple input built-in in Python 3000,Final,Standards Track,13-Sep-2006,Andre Roberge,,,
3112,Bytes literals in Python 3000,Final,Standards Track,23-Feb-2007,Jason Orendorff,,358,
3113,Removal of Tuple Parameter Unpacking,Final,Standards Track,02-Mar-2007,Brett Cannon,,,
3114,Renaming iterator.next() to iterator.__next__(),Final,Standards Track,04-Mar-2007,Ka-Ping Yee,,,
3115,Metaclasses in Python 3000,Final,Standards Track,07-Mar-2007,Talin,,,
3116,New I/O,Final,Standards Track,26-Feb-2007,Daniel Stutzbach; Guido van Rossum; Mike Verdone,,,
3117,Postfix type declarations,Rejected,Standards Track,01-Apr-2007,Georg Brandl,,,
3118,Revising the buffer protocol,Final,Standards Track,28-Aug-2006,Travis Oliphant; Carl Banks,,,
3119,Introducing Abstract Base Classes,Final,Standards Track,18-Apr-2007,Guido van Rossum; Talin,,,
3120,Using UTF-8 as the default source encoding,Final,Standards Track,15-Apr-2007,Martin von Löwis,,,
3121,Extension Module Initialization and Finalization,Final,Standards Track,27-Apr-2007,Martin von Löwis,,,
3122,Delineation of the main module,Rejected,Standards Track,27-Apr-2007,Brett Cannon,,,
3123,Making PyObject_HEAD conform to standard C,Final,Standards Track,27-Apr-2007,Martin von Löwis,,,
3124,"Overloading, Generic Functions, Interfaces, and Adaptation",Deferred,Standards Track,28-Apr-2007,Phillip J. Eby,,3107; 3115; 3119,245; 246
3125,Remove Backslash Continuation,Rejected,Standards Track,29-Apr-2007,Jim J. Jewett,,,
3126,Remove Implicit String Concatenation,Rejected,Standards Track,29-Apr-2007,Jim J. Jewett; Raymond Hettinger,,,
3127,Integer Literal Support and Syntax,Final,Standards Track,14-Mar-2007,Patrick Maupin,,,
3128,BList: A Faster List-like Type,Rejected,Standards Track,30-Apr-2007,Daniel Stutzbach,,,
3129,Class Decorators,Final,Standards Track,01-May-2007,Collin Winter,,,
3130,Access to Current Module/Class/Function,Rejected,Standards Track,22-Apr-2007,Jim J. Jewett,,,
3131,Supporting Non-ASCII Identifiers,Final,Standards Track,01-May-2007,Martin von Löwis,,,
3132,Extended Iterable Unpacking,Final,Standards Track,30-Apr-2007,Georg Brandl,,,
3133,Introducing Roles,Rejected,Standards Track,01-May-2007,Collin Winter,,3115; 3129,
3134,Exception Chaining and Embedded Tracebacks,Final,Standards Track,12-May-2005,Ka-Ping Yee,,,
3135,New Super,Final,Standards Track,28-Apr-2007,Calvin Spealman; Tim Delaney; Lie Ryan,,,
3136,Labeled break and continue,Rejected,Standards Track,30-Jun-2007,Matt Chisholm,,,
3137,Immutable Bytes and Mutable Buffer,Final,Standards Track,26-Sep-2007,Guido van Rossum,,,
3138,String representation in Python 3000,Final,Standards Track,05-May-2008,Atsuo Ishimoto,,,
3139,"Cleaning out sys and the ""interpreter"" module",Rejected,Standards Track,04-Apr-2008,Benjamin Peterson,,,
3140,"str(container) should call str(item), not repr(item)",Rejected,Standards Track,27-May-2008,Oleg Broytman; Jim J. Jewett,,,
3141,A Type Hierarchy for Numbers,Final,Standards Track,23-Apr-2007,Jeffrey Yasskin,,,
3142,"Add a ""while"" clause to generator expressions",Rejected,Standards Track,12-Jan-2009,Gerald Britton,,,
3143,Standard daemon process library,Deferred,Standards Track,26-Jan-2009,Ben Finney,,,
3144,IP Address Manipulation Library for the Python Standard Library,Final,Standards Track,06-Feb-2012,Peter Moody,,,
3145,Asynchronous I/O For subprocess.Popen,Withdrawn,Standards Track,04-Aug-2009,Eric Pruitt; Charles R. McCreary; Josiah Carlson,,,
3146,Merging Unladen Swallow into CPython,Withdrawn,Standards Track,01-Jan-2010,Collin Winter; Jeffrey Yasskin; Reid Kleckner,,,
3147,PYC Repository Directories,Final,Standards Track,16-Dec-2009,Barry Warsaw,,,
3148,futures - execute computations asynchronously,Final,Standards Track,16-Oct-2009,Brian Quinlan,,,
3149,ABI version tagged .so files,Final,Standards Track,09-Jul-2010,Barry Warsaw,,,
3150,"Statement local namespaces (aka ""given"" clause)",Deferred,Standards Track,09-Jul-2010,Alyssa Coghlan,,,
3151,Reworking the OS and IO exception hierarchy,Final,Standards Track,21-Jul-2010,Antoine Pitrou,,,
3152,Cofunctions,Rejected,Standards Track,13-Feb-2009,Gregory Ewing,,,
3153,Asynchronous IO support,Superseded,Standards Track,29-May-2011,Laurens Van Houtven,,,
3154,Pickle protocol version 4,Final,Standards Track,11-Aug-2011,Antoine Pitrou,,,
3155,Qualified name for classes and functions,Final,Standards Track,29-Oct-2011,Antoine Pitrou,,,
3156,"Asynchronous IO Support Rebooted: the ""asyncio"" Module",Final,Standards Track,12-Dec-2012,Guido van Rossum,,,3153
3333,Python Web Server Gateway Interface v1.0.1,Final,Informational,26-Sep-2010,Phillip J. Eby,,,333
8000,Python Language Governance Proposal Overview,Final,Informational,24-Aug-2018,Barry Warsaw,Governance,,
8001,Python Governance Voting Process,Final,Process,24-Aug-2018,Brett Cannon; Christian Heimes; Donald Stufft; Eric Snow; Gregory P. Smith; Łukasz Langa; Mariatta; Nathaniel J. Smith; Pablo Galindo Salgado; Raymond Hettinger; Tal Einat; Tim Peters; Zachary Ware,Governance,,
8002,Open Source Governance Survey,Final,Informational,24-Aug-2018,Barry Warsaw; Łukasz Langa; Antoine Pitrou; Doug Hellmann; Carol Willing,Governance,,
8010,The Technical Leader Governance Model,Rejected,Informational,24-Aug-2018,Barry Warsaw,Governance,,
8011,Python Governance Model Lead by Trio of Pythonistas,Rejected,Informational,24-Aug-2018,Mariatta; Barry Warsaw,Governance,,
8012,The Community Governance Model,Rejected,Informational,03-Oct-2018,Łukasz Langa,Governance,,
8013,The External Council Governance Model,Rejected,Informational,14-Sep-2018,Steve Dower,Governance,,
8014,The Commons Governance Model,Rejected,Informational,16-Sep-2018,Jack Jansen,Governance,,
8015,Organization of the Python community,Rejected,Informational,04-Oct-2018,Victor Stinner,Governance,,
8016,The Steering Council Model,Accepted,Informational,01-Nov-2018,Nathaniel J. Smith; Donald Stufft,Governance,,
8100,January 2019 Steering Council election,Final,Informational,03-Jan-2019,Nathaniel J. Smith; Ee Durbin,Governance,,
8101,2020 Term Steering Council election,Final,Informational,16-Nov-2019,Ewa Jodlowska; Ee Durbin,Governance,,
8102,2021 Term Steering Council election,Final,Informational,29-Oct-2020,Ewa Jodlowska; Ee Durbin; Joe Carey,Governance,,
8103,2022 Term Steering Council election,Final,Informational,04-Oct-2021,Ewa Jodlowska; Ee Durbin; Joe Carey,Governance,,
8104,2023 Term Steering Council election,Final,Informational,08-Nov-2022,Ee Durbin,Governance,,
8105,2024 Term Steering Council election,Final,Informational,23-Oct-2023,Ee Durbin,Governance,,
8106,2025 Term Steering Council election,Final,Informational,21-Oct-2024,Ee Durbin,Governance,,
8107,2026 Term Steering Council election,Final,Informational,21-Oct-2025,Ee Durbin,Governance,,
